{"timestamps": [1528610499.1217914, 1528610500.7445154, 1528610500.815681, 1528610500.84259, 1528610500.8733013, 1528610500.9018571, 1528610500.9298117, 1528610500.9570296, 1528610502.4920244, 1528610502.5617242, 1528610502.585478, 1528610502.608388, 1528610502.6327322, 1528610502.6636682, 1528610502.6869218, 1528610502.709556, 1528610502.732004, 1528610502.7547188, 1528610502.7773745, 1528610502.7995763, 1528610502.822464, 1528610502.8446708, 1528610502.8670433, 1528610502.8891926, 1528610502.9111931, 1528610502.9335077, 1528610502.95609, 1528610504.4743052, 1528610504.5413399, 1528610504.5645044, 1528610504.5874994, 1528610504.6103022, 1528610504.63273, 1528610504.6553767, 1528610504.6785884, 1528610504.7018268, 1528610504.7253087, 1528610504.7478383, 1528610504.770317, 1528610504.792839, 1528610504.815186, 1528610504.8377216, 1528610504.8601663, 1528610504.882449, 1528610504.9048493, 1528610504.9275227, 1528610504.94987, 1528610504.9721718, 1528610504.994435, 1528610505.016542, 1528610505.0384047, 1528610505.0611176, 1528610505.0847924, 1528610505.1074767, 1528610505.1298347, 1528610505.152078, 1528610505.1745627, 1528610505.197973, 1528610505.220408, 1528610505.2426033, 1528610505.2649207, 1528610505.2871187, 1528610505.3101919, 1528610505.3344254, 1528610506.8550022, 1528610506.9211566, 1528610506.9446445, 1528610506.968052, 1528610506.991518, 1528610507.0142229, 1528610507.0366807, 1528610507.0596445, 1528610507.0826428, 1528610507.1050634, 1528610507.127421, 1528610507.1498735, 1528610507.1722538, 1528610507.1953924, 1528610507.2177057, 1528610507.2399707, 1528610507.2624087, 1528610507.2847157, 1528610507.3070912, 1528610507.3295267, 1528610507.3524635, 1528610507.3747547, 1528610507.3971963, 1528610507.419619, 1528610507.4420078, 1528610507.4643166, 1528610507.486471, 1528610507.5087457, 1528610507.5308604, 1528610507.553056, 1528610507.5760298, 1528610507.5985389, 1528610507.620653, 1528610507.6433415, 1528610507.66573, 1528610507.6884658], "episode_lengths": [200, 200, 200, 200, 200, 200, 200, 200, 200, 200, 200, 200, 200, 200, 200, 200, 200, 200, 200, 200, 200, 200, 200, 200, 200, 200, 200, 200, 200, 200, 200, 200, 200, 200, 200, 200, 200, 200, 200, 200, 200, 200, 200, 200, 200, 200, 200, 200, 200, 200, 200, 200, 200, 200, 200, 200, 200, 200, 200, 200, 200, 200, 200, 200, 200, 200, 200, 200, 200, 200, 200, 200, 200, 200, 200, 200, 200, 200, 200, 200, 200, 200, 200, 200, 200, 200, 200, 200, 200, 200, 200, 200, 200, 200, 200, 200, 200, 200, 200, 200], "episode_rewards": [200.0, 200.0, 200.0, 200.0, 200.0, 200.0, 200.0, 200.0, 200.0, 200.0, 200.0, 200.0, 200.0, 200.0, 200.0, 200.0, 200.0, 200.0, 200.0, 200.0, 200.0, 200.0, 200.0, 200.0, 200.0, 200.0, 200.0, 200.0, 200.0, 200.0, 200.0, 200.0, 200.0, 200.0, 200.0, 200.0, 200.0, 200.0, 200.0, 200.0, 200.0, 200.0, 200.0, 200.0, 200.0, 200.0, 200.0, 200.0, 200.0, 200.0, 200.0, 200.0, 200.0, 200.0, 200.0, 200.0, 200.0, 200.0, 200.0, 200.0, 200.0, 200.0, 200.0, 200.0, 200.0, 200.0, 200.0, 200.0, 200.0, 200.0, 200.0, 200.0, 200.0, 200.0, 200.0, 200.0, 200.0, 200.0, 200.0, 200.0, 200.0, 200.0, 200.0, 200.0, 200.0, 200.0, 200.0, 200.0, 200.0, 200.0, 200.0, 200.0, 200.0, 200.0, 200.0, 200.0, 200.0, 200.0, 200.0, 200.0], "initial_reset_timestamp": 1528610497.3655903, "episode_types": ["t", "t", "t", "t", "t", "t", "t", "t", "t", "t", "t", "t", "t", "t", "t", "t", "t", "t", "t", "t", "t", "t", "t", "t", "t", "t", "t", "t", "t", "t", "t", "t", "t", "t", "t", "t", "t", "t", "t", "t", "t", "t", "t", "t", "t", "t", "t", "t", "t", "t", "t", "t", "t", "t", "t", "t", "t", "t", "t", "t", "t", "t", "t", "t", "t", "t", "t", "t", "t", "t", "t", "t", "t", "t", "t", "t", "t", "t", "t", "t", "t", "t", "t", "t", "t", "t", "t", "t", "t", "t", "t", "t", "t", "t", "t", "t", "t", "t", "t", "t"]}