{"initial_reset_timestamp": 1529834752.2851422, "episode_rewards": [62.0, 72.0, 108.0, 40.0, 76.0, 56.0, 36.0, 66.0, 88.0, 56.0, 110.0, 52.0, 80.0, 94.0, 96.0, 58.0, 64.0, 98.0, 132.0, 68.0], "episode_types": ["t", "t", "t", "t", "t", "t", "t", "t", "t", "t", "t", "t", "t", "t", "t", "t", "t", "t", "t", "t"], "timestamps": [1529834756.922665, 1529834761.208987, 1529834765.6557558, 1529834768.4294057, 1529834772.2825973, 1529834775.329087, 1529834778.079525, 1529834781.4270208, 1529834786.345933, 1529834789.7996242, 1529834793.628045, 1529834797.0560606, 1529834801.1847725, 1529834804.854547, 1529834808.6524923, 1529834811.714799, 1529834815.3935952, 1529834819.5170739, 1529834823.958588, 1529834827.3596914], "episode_lengths": [1507, 1415, 1764, 1143, 1556, 1251, 1127, 1371, 1583, 1371, 1575, 1305, 1495, 1507, 1559, 1259, 1507, 1687, 1823, 1387]}