{"episode_types": ["t", "t", "t", "t", "t", "t", "t", "t", "t", "t", "t", "t", "t", "t", "t", "t", "t", "t", "t", "t", "t", "t", "t", "t", "t", "t", "t", "t", "t", "t", "t", "t", "t", "t", "t", "t", "t", "t", "t", "t", "t", "t", "t", "t", "t", "t", "t", "t", "t", "t", "t", "t", "t", "t", "t", "t", "t", "t", "t", "t", "t", "t", "t", "t", "t", "t", "t", "t", "t", "t", "t", "t", "t", "t", "t", "t", "t", "t", "t", "t", "t", "t", "t", "t", "t", "t", "t", "t", "t", "t", "t", "t", "t", "t", "t", "t", "t", "t", "t", "t"], "episode_rewards": [6.0, 6.0, 6.0, 6.0, 6.0, 6.0, 6.0, 6.0, 6.0, 6.0, 6.0, 6.0, 6.0, 6.0, 6.0, 6.0, 6.0, 6.0, 6.0, 6.0, 6.0, 6.0, 6.0, 6.0, 6.0, 6.0, 6.0, 6.0, 6.0, 6.0, 6.0, 6.0, 6.0, 6.0, 6.0, 6.0, 6.0, 6.0, 6.0, 6.0, 6.0, 6.0, 6.0, 6.0, 6.0, 6.0, 6.0, 6.0, 6.0, 6.0, 6.0, 6.0, 6.0, 6.0, 6.0, 6.0, 6.0, 6.0, 6.0, 6.0, 6.0, 6.0, 6.0, 6.0, 6.0, 6.0, 6.0, 6.0, 6.0, 6.0, 6.0, 6.0, 6.0, 6.0, 6.0, 6.0, 6.0, 6.0, 6.0, 6.0, 6.0, 6.0, 6.0, 6.0, 6.0, 6.0, 6.0, 6.0, 6.0, 6.0, 6.0, 6.0, 6.0, 6.0, 6.0, 6.0, 6.0, 6.0, 6.0, 6.0], "episode_lengths": [308, 308, 308, 308, 308, 308, 308, 308, 308, 308, 308, 308, 308, 308, 308, 308, 308, 308, 308, 308, 308, 308, 308, 308, 308, 308, 308, 308, 308, 308, 308, 308, 308, 308, 308, 308, 308, 308, 308, 308, 308, 308, 308, 308, 308, 308, 308, 308, 308, 308, 308, 308, 308, 308, 308, 308, 308, 308, 308, 308, 308, 308, 308, 308, 308, 308, 308, 308, 308, 308, 308, 308, 308, 308, 308, 308, 308, 308, 308, 308, 308, 308, 308, 308, 308, 308, 308, 308, 308, 308, 308, 308, 308, 308, 308, 308, 308, 308, 308, 308], "initial_reset_timestamp": 1529232665.5798812, "timestamps": [1529232667.2127802, 1529232668.9294016, 1529232669.921326, 1529232670.8842864, 1529232671.8848155, 1529232672.8480144, 1529232673.7849116, 1529232674.720089, 1529232676.2979252, 1529232677.575341, 1529232678.522523, 1529232679.4602125, 1529232680.4007976, 1529232681.33502, 1529232682.2983878, 1529232683.4479566, 1529232684.4299588, 1529232685.4258647, 1529232686.3621924, 1529232687.3029242, 1529232688.2393248, 1529232689.1845553, 1529232690.127187, 1529232691.116477, 1529232692.0533247, 1529232692.9904826, 1529232693.9229736, 1529232695.3305974, 1529232696.2819545, 1529232697.2249627, 1529232698.1581054, 1529232699.1142836, 1529232700.0799325, 1529232701.0247087, 1529232701.9572344, 1529232702.8902025, 1529232703.8317297, 1529232704.7683039, 1529232705.7139273, 1529232706.6489484, 1529232707.5869293, 1529232708.5213902, 1529232709.4562376, 1529232710.3917925, 1529232711.332698, 1529232712.2714133, 1529232713.22607, 1529232714.161677, 1529232715.1036296, 1529232716.1917565, 1529232717.2106864, 1529232718.4662607, 1529232719.4848711, 1529232720.4417741, 1529232721.3802197, 1529232722.3226848, 1529232723.2589073, 1529232724.197607, 1529232725.1491082, 1529232726.0903857, 1529232727.0349488, 1529232727.974728, 1529232728.9154155, 1529232729.8644943, 1529232731.2615297, 1529232732.2156253, 1529232733.2908688, 1529232734.3522406, 1529232735.3822017, 1529232736.4460695, 1529232737.507766, 1529232738.4591792, 1529232739.418443, 1529232740.3785937, 1529232741.328813, 1529232742.2878723, 1529232743.2463531, 1529232744.3398924, 1529232745.334672, 1529232746.560117, 1529232747.4985015, 1529232748.4425066, 1529232749.3799353, 1529232750.3658001, 1529232751.4072573, 1529232752.4555233, 1529232753.5879908, 1529232754.6615016, 1529232755.7669485, 1529232756.830958, 1529232757.8299744, 1529232758.8351083, 1529232759.8286479, 1529232760.820661, 1529232761.8363984, 1529232762.9584427, 1529232763.9655366, 1529232765.0318213, 1529232766.1279976, 1529232767.1379216]}