{"timestamps": [1529820435.8790662, 1529820437.55391, 1529820437.6670954, 1529820437.6745005, 1529820437.7398849, 1529820437.773096, 1529820437.8114362, 1529820437.8377798, 1529820439.1493819, 1529820439.2393062, 1529820439.2789764, 1529820439.3486028, 1529820439.3636572, 1529820439.4310226, 1529820439.443117, 1529820439.4884176, 1529820439.5524595, 1529820439.593563, 1529820439.644073, 1529820439.6599302, 1529820439.677859, 1529820439.7148242, 1529820439.737238, 1529820439.7520087, 1529820439.7877152, 1529820439.7943697, 1529820439.8596885, 1529820441.4546485, 1529820441.5403798, 1529820441.6086218, 1529820441.6497326, 1529820441.7159164, 1529820441.7336745, 1529820441.7719269, 1529820441.8154953, 1529820441.8396168, 1529820441.8621023, 1529820441.9231226, 1529820441.9892795, 1529820442.0555916, 1529820442.099683, 1529820442.1440542, 1529820442.175055, 1529820442.1863203, 1529820442.2028112, 1529820442.2553747, 1529820442.321069, 1529820442.3880877, 1529820442.4200432, 1529820442.4885654, 1529820442.518579, 1529820442.5266588, 1529820442.620945, 1529820442.7157888, 1529820442.7785811, 1529820442.84482, 1529820442.9136941, 1529820442.979518, 1529820443.0415998, 1529820443.1098728, 1529820443.129757, 1529820443.1543021, 1529820443.1763287, 1529820443.1988442, 1529820444.4117243, 1529820444.518099, 1529820444.5857718, 1529820444.6115582, 1529820444.643575, 1529820444.6687171, 1529820444.7359695, 1529820444.7993293, 1529820444.8978534, 1529820444.9985416, 1529820445.0595138, 1529820445.0773814, 1529820445.1173916, 1529820445.1699698, 1529820445.2314036, 1529820445.2901664, 1529820445.3576765, 1529820445.4111943, 1529820445.4507535, 1529820445.517254, 1529820445.5465765, 1529820445.5777516, 1529820445.6440833, 1529820445.6823745, 1529820445.7058012, 1529820445.7492929, 1529820445.8180394, 1529820445.87537, 1529820445.8858895, 1529820445.9272606, 1529820445.9953635, 1529820446.04715, 1529820446.11465, 1529820446.1372778, 1529820446.1858916, 1529820446.2532146], "initial_reset_timestamp": 1529820434.0940487, "episode_types": ["t", "t", "t", "t", "t", "t", "t", "t", "t", "t", "t", "t", "t", "t", "t", "t", "t", "t", "t", "t", "t", "t", "t", "t", "t", "t", "t", "t", "t", "t", "t", "t", "t", "t", "t", "t", "t", "t", "t", "t", "t", "t", "t", "t", "t", "t", "t", "t", "t", "t", "t", "t", "t", "t", "t", "t", "t", "t", "t", "t", "t", "t", "t", "t", "t", "t", "t", "t", "t", "t", "t", "t", "t", "t", "t", "t", "t", "t", "t", "t", "t", "t", "t", "t", "t", "t", "t", "t", "t", "t", "t", "t", "t", "t", "t", "t", "t", "t", "t", "t"], "episode_lengths": [200, 200, 200, 16, 200, 98, 117, 79, 160, 133, 115, 200, 38, 200, 31, 138, 200, 119, 150, 42, 49, 113, 62, 38, 106, 16, 200, 194, 118, 200, 118, 200, 49, 114, 132, 71, 64, 189, 200, 193, 127, 130, 88, 30, 47, 165, 200, 200, 91, 157, 51, 13, 200, 200, 137, 200, 200, 200, 182, 200, 55, 70, 66, 63, 134, 186, 200, 72, 92, 73, 200, 103, 200, 200, 166, 51, 124, 161, 184, 177, 200, 160, 108, 200, 83, 93, 200, 109, 66, 125, 200, 164, 25, 116, 200, 146, 200, 61, 151, 200], "episode_rewards": [200.0, 200.0, 200.0, 16.0, 200.0, 98.0, 117.0, 79.0, 160.0, 133.0, 115.0, 200.0, 38.0, 200.0, 31.0, 138.0, 200.0, 119.0, 150.0, 42.0, 49.0, 113.0, 62.0, 38.0, 106.0, 16.0, 200.0, 194.0, 118.0, 200.0, 118.0, 200.0, 49.0, 114.0, 132.0, 71.0, 64.0, 189.0, 200.0, 193.0, 127.0, 130.0, 88.0, 30.0, 47.0, 165.0, 200.0, 200.0, 91.0, 157.0, 51.0, 13.0, 200.0, 200.0, 137.0, 200.0, 200.0, 200.0, 182.0, 200.0, 55.0, 70.0, 66.0, 63.0, 134.0, 186.0, 200.0, 72.0, 92.0, 73.0, 200.0, 103.0, 200.0, 200.0, 166.0, 51.0, 124.0, 161.0, 184.0, 177.0, 200.0, 160.0, 108.0, 200.0, 83.0, 93.0, 200.0, 109.0, 66.0, 125.0, 200.0, 164.0, 25.0, 116.0, 200.0, 146.0, 200.0, 61.0, 151.0, 200.0]}